cluster,avg_sales,std_sales,avg_customers,promo_lift,promo_usage_rate,log_comp_distance,main_storetype,main_assortment,count,cluster_name
0,6566.898295473795,2060.5581603712385,710.3314887884851,0.5895844216479423,0.4489285768213208,7.682358699719552,a,a,283,Premium City
1,5531.723344372737,1294.5690989484226,660.6934017168581,0.35169792662911314,0.44740684325929675,7.020614529632935,a,a,273,Suburban Std
2,10806.024495450722,2798.4195853474416,1234.9561849650072,0.39572210841205147,0.4491399286170856,6.958018520461628,a,c,154,Small Town
3,6501.51494665052,1653.2548883486272,601.661022193081,0.345594139601288,0.4472787478830363,8.358118840306128,d,c,375,Flagship
4,8695.128412772241,2368.83555775498,1469.3193449355938,0.27725347644738785,0.3891827951052827,7.961700854271774,b,c,30,Rural Low
