metric,value
Mean Error,-92.5694039710328
Std Error,927.2938663764329
Mean Abs Error,631.5396934479603
Median Abs Error,453.8961522824138
Max Abs Error,48227.66333897384
