{
  "lgb_weight": 0.5,
  "xgb_weight": 0.5,
  "cv_results": {
    "lgb_mean": 0.12180617107312965,
    "xgb_mean": 0.12298818026659973,
    "ensemble_mean": 0.12121441599007765
  }
}